ControlAreaUnitId,SCP
1,02-00-00
1,02-00-01
1,02-03-00
1,02-03-01
1,02-03-02
1,02-03-03
1,02-03-04
1,02-03-05
1,02-03-06
1,02-05-00
1,02-05-01
1,02-06-00
2,00-00-00
2,00-00-01
2,00-00-02
2,00-00-03
2,00-00-04
2,00-03-00
2,00-03-01
2,00-03-02
3,01-05-00
3,01-05-01
3,01-06-00
3,01-06-01
3,01-06-02
3,01-06-03
4,00-00-00
4,00-00-01
4,00-00-02
4,00-00-03
4,00-00-04
4,00-00-05
4,00-00-06
4,00-00-07
5,01-00-00
5,01-00-01
5,01-00-02
5,01-00-03
5,01-00-04
5,01-00-05
6,01-00-00
6,01-03-00
6,01-03-01
6,01-03-02
6,01-05-00
6,01-05-01
7,02-00-00
7,02-00-01
7,02-00-02
7,02-06-00
7,02-06-01
8,00-00-00
8,00-00-01
8,00-00-02
8,00-00-03
8,00-03-00
8,00-03-01
9,03-00-00
9,03-00-01
9,03-00-02
9,03-06-00
9,03-06-01
10,01-00-00
10,01-00-01
10,01-00-02
10,01-00-03
10,01-00-04
10,01-00-05
10,01-00-06
10,01-00-07
11,01-00-00
11,01-00-01
11,01-00-02
11,01-06-00
11,01-06-01
12,01-00-00
12,01-00-01
12,01-00-02
12,01-00-03
12,01-03-00
12,01-03-01
12,01-03-02
12,01-06-00
12,01-06-01
12,01-06-02
13,01-00-00
13,01-03-00
13,01-03-01
13,01-03-02
13,01-03-03
14,00-00-00
14,00-00-01
14,00-03-00
14,00-03-01
15,01-00-00
15,01-00-01
15,01-00-02
15,01-03-00
15,01-03-01
15,01-03-02
15,01-06-00
15,01-06-01
16,00-00-00
16,00-00-01
16,00-00-02
16,00-03-00
16,00-03-01
16,00-03-02
17,02-00-00
17,02-00-01
17,02-00-02
17,02-00-03
17,02-00-04
17,02-00-05
17,02-06-00
17,02-06-01
18,03-00-00
18,03-00-01
18,03-00-02
18,03-03-00
18,03-03-01
18,03-03-02
18,03-06-00
18,03-06-01
18,03-06-02
19,00-00-00
19,00-00-01
19,00-00-02
19,00-00-03
19,00-00-04
20,05-00-00
20,05-00-01
20,05-00-02
20,05-00-03
21,00-00-00
21,00-00-01
21,00-00-02
21,00-00-03
21,00-00-04
21,00-06-00
22,01-00-00
22,01-00-01
22,01-00-02
22,01-03-00
22,01-03-01
22,01-06-00
23,00-00-00
23,00-00-01
23,00-00-02
23,00-00-03
23,00-00-04
24,01-00-00
24,01-00-01
24,01-00-02
24,01-00-03
24,01-00-04
25,00-00-00
25,00-00-01
25,00-00-02
25,00-03-00
25,00-03-01
25,00-03-02
25,00-03-03
25,00-03-04
25,00-06-00
25,00-06-01
25,00-06-02
26,00-00-00
26,00-00-01
26,00-00-02
26,00-00-03
26,00-03-00
26,00-03-01
26,00-05-00
26,00-05-01
26,00-05-02
26,00-05-03
26,00-06-00
26,00-06-01
26,00-06-02
26,00-06-03
26,00-06-04
26,00-06-05
26,00-06-06
26,00-06-07
26,00-06-08
27,00-00-00
27,00-00-01
27,00-00-02
27,00-03-00
27,00-03-01
27,00-03-02
27,00-06-00
27,00-06-01
27,00-06-02
28,00-00-00
28,00-00-01
28,00-02-00
28,00-02-01
28,00-03-00
28,00-03-01
28,00-03-02
28,00-03-03
28,00-05-00
28,00-05-01
28,00-05-02
28,00-05-03
28,00-06-00
28,00-06-01
28,00-06-02
28,00-06-03
28,00-06-04
29,01-00-00
29,01-00-01
29,01-00-02
29,01-03-00
29,01-03-01
29,01-06-00
30,00-00-00
30,00-00-01
30,00-00-02
30,00-00-03
30,00-00-04
31,01-00-00
31,01-00-01
31,01-00-02
31,01-00-03
31,01-06-00
31,01-06-01
31,01-06-02
32,00-00-00
32,00-00-01
32,00-00-02
32,00-00-03
32,00-00-04
32,00-00-05
32,00-00-06
32,00-00-07
32,00-06-02
33,00-00-00
33,00-00-01
33,00-00-02
33,00-03-00
33,00-03-01
33,00-03-02
33,00-03-03
34,00-00-00
34,00-03-00
34,00-03-01
35,00-00-00
35,00-00-01
35,00-00-02
36,01-00-00
36,01-00-01
36,01-00-02
36,01-00-03
36,01-00-04
36,01-06-00
36,01-06-01
37,02-00-00
37,02-00-01
37,02-00-02
37,02-06-00
37,02-06-01
37,02-06-02
38,00-00-00
38,00-00-01
38,00-00-02
38,00-03-00
39,01-00-00
39,01-00-01
39,01-00-02
39,01-00-03
39,01-00-04
40,02-05-00
40,02-05-01
40,02-06-00
40,02-06-01
41,00-00-00
41,00-00-01
41,00-00-02
41,00-00-03
41,00-00-04
42,01-00-00
42,01-00-01
42,01-00-02
42,01-00-03
42,01-06-00
42,01-06-01
42,01-06-02
43,02-05-00
43,02-05-01
43,02-06-00
43,02-06-01
44,00-00-00
44,00-00-01
44,00-00-02
44,00-00-03
45,00-00-00
45,00-00-01
45,00-00-02
45,00-05-00
45,00-05-01
46,00-00-00
46,00-03-00
46,00-03-01
46,00-03-02
47,00-00-00
47,00-00-01
47,00-03-00
48,01-00-00
48,01-00-01
48,01-00-02
48,01-05-00
48,01-05-01
49,00-00-00
49,00-00-01
49,00-00-02
50,01-00-00
50,01-00-01
50,01-00-02
50,01-00-03
50,01-03-00
50,01-03-01
50,01-06-00
51,00-00-00
51,00-00-01
51,00-00-02
51,00-00-03
51,00-03-00
51,00-03-01
51,00-03-02
52,00-00-00
52,00-00-01
52,00-00-02
53,00-00-00
53,00-00-01
53,00-00-02
54,00-00-00
54,00-00-01
54,00-00-02
54,00-00-03
54,00-00-04
55,00-00-00
55,00-00-01
55,00-00-02
55,00-03-00
55,00-03-01
55,00-03-02
55,00-05-00
55,00-05-01
55,00-05-02
55,00-06-00
55,00-06-01
56,00-00-00
56,00-00-01
56,00-00-02
56,00-00-03
56,00-00-04
56,00-03-00
56,00-03-01
56,00-03-02
56,00-03-03
56,00-03-04
56,00-05-00
56,00-05-01
56,00-05-02
56,00-06-00
56,00-06-01
57,00-00-00
57,00-00-01
57,00-00-02
57,00-00-03
57,00-00-04
57,00-05-00
57,00-05-01
57,00-05-02
58,01-05-00
58,01-05-01
58,01-06-00
58,01-06-01
58,01-06-02
59,00-00-00
59,00-00-01
59,00-00-02
59,00-00-03
60,02-00-00
60,02-00-01
60,02-00-02
60,02-00-03
60,02-00-04
60,02-06-00
61,00-00-00
61,00-00-01
61,00-00-02
61,00-00-03
62,00-00-00
62,00-00-01
62,00-00-02
62,00-00-03
62,00-00-08
62,00-06-00
63,00-00-00
63,00-00-01
63,00-00-02
63,00-00-03
63,00-00-04
63,00-00-05
64,01-00-00
64,01-00-01
64,01-00-02
64,01-06-00
64,01-06-01
65,00-00-00
65,00-00-01
65,00-00-02
65,00-00-03
65,00-00-04
66,01-00-00
66,01-00-01
66,01-00-02
66,01-00-03
66,01-00-04
66,01-06-00
66,01-06-01
66,01-06-02
66,01-06-03
67,00-00-00
67,00-00-01
67,00-00-02
68,01-05-00
68,01-05-01
68,01-06-00
68,01-06-01
69,01-00-00
69,01-00-01
69,01-00-02
69,01-06-00
69,01-06-01
70,00-00-00
70,00-00-01
70,00-00-02
70,00-03-00
70,00-03-01
71,01-05-00
71,01-05-01
71,01-06-00
71,01-06-01
72,00-00-00
72,00-00-01
72,00-00-02
72,00-00-03
72,00-03-00
72,00-03-01
72,00-03-02
72,00-03-03
72,00-03-04
72,00-03-06
72,00-04-00
72,00-04-01
72,00-06-00
72,00-06-01
72,00-06-02
73,03-00-00
73,03-00-01
73,03-00-02
73,03-00-03
73,03-03-00
73,03-03-01
73,03-03-02
73,03-03-03
73,03-05-00
73,03-05-01
74,00-00-00
74,00-00-01
74,00-00-02
75,01-00-00
75,01-00-01
75,01-00-02
76,01-00-00
76,01-00-01
76,01-00-02
76,01-00-03
76,01-06-00
77,00-00-00
77,00-00-01
77,00-00-02
78,00-00-00
78,00-00-01
78,00-00-02
79,00-00-00
79,00-00-01
79,00-00-02
80,00-00-00
80,00-00-01
80,00-00-02
81,00-00-00
81,00-00-01
81,00-00-02
81,00-00-03
81,00-00-04
81,00-00-05
82,00-00-00
82,00-00-01
82,00-00-02
82,00-00-03
83,00-00-00
83,00-00-01
83,00-00-02
83,00-00-03
84,00-00-00
84,00-00-01
84,00-00-02
84,00-00-03
85,01-05-00
85,01-05-01
85,01-06-00
85,01-06-01
86,00-00-00
86,00-00-01
86,00-00-02
86,00-00-03
86,00-00-04
86,00-00-05
87,00-00-00
87,00-00-01
87,00-00-02
87,00-00-03
88,00-00-00
88,00-00-01
88,00-03-00
88,00-03-01
88,00-03-02
89,01-05-00
89,01-05-01
89,01-06-00
89,01-06-01
90,00-00-00
90,00-00-01
90,00-00-02
90,00-03-00
90,00-03-01
91,01-05-00
91,01-05-01
91,01-06-00
91,01-06-01
92,00-00-00
92,00-00-01
92,00-00-02
92,00-03-00
92,00-03-01
92,00-03-02
93,00-00-00
93,00-00-01
93,00-00-02
94,01-05-00
94,01-05-01
94,01-06-00
94,01-06-01
95,00-00-00
95,00-00-01
95,00-00-02
95,00-06-00
96,01-05-00
96,01-05-01
96,01-06-00
96,01-06-01
97,00-00-00
97,00-00-01
97,00-00-02
97,00-06-00
98,00-00-00
98,00-00-01
98,00-00-02
99,00-00-00
99,00-00-01
99,00-00-02
99,00-00-03
100,01-05-00
100,01-05-01
100,01-06-00
100,01-06-01
101,00-00-00
101,00-00-01
101,00-00-02
101,00-06-00
102,00-00-00
102,00-00-01
102,00-00-02
102,00-06-00
103,00-00-00
103,00-00-01
103,00-00-02
104,00-00-00
104,00-00-01
104,00-00-02
105,00-00-00
105,00-00-01
105,00-00-02
106,00-00-00
106,00-00-01
106,00-00-02
107,00-00-00
107,00-00-01
107,00-00-02
108,00-00-00
108,00-00-01
108,00-00-02
108,00-06-00
109,00-00-00
109,00-00-01
109,00-00-02
109,00-06-00
110,00-00-00
110,00-00-01
110,00-00-02
111,00-00-00
111,00-00-01
111,00-00-02
112,00-00-00
112,00-00-01
112,00-00-02
112,00-00-03
113,00-00-00
113,00-00-01
113,00-00-02
114,00-00-00
114,00-00-01
114,00-00-02
115,00-00-00
115,00-00-01
115,00-00-02
115,00-00-03
115,00-00-04
115,00-03-00
115,00-03-01
115,00-03-02
115,00-03-03
115,00-05-00
115,00-05-01
115,00-06-00
115,00-06-01
116,02-00-00
116,02-00-01
116,02-00-02
116,02-00-03
116,02-00-04
116,02-00-05
116,02-05-00
116,02-05-01
117,00-00-00
117,00-00-01
117,00-00-02
117,00-00-03
117,00-06-00
117,00-06-01
118,01-05-00
118,01-05-01
118,01-06-00
118,01-06-01
119,00-00-00
119,00-00-01
119,00-00-02
119,00-00-03
119,00-00-04
119,00-00-05
119,00-05-00
119,00-05-01
119,00-06-00
119,00-06-01
119,00-06-02
119,00-06-03
120,01-00-00
120,01-00-01
120,01-00-02
120,01-06-00
120,01-06-01
121,00-00-00
121,00-00-01
121,00-00-02
122,01-00-00
122,01-00-01
122,01-00-02
123,00-00-00
123,00-00-01
123,00-03-00
123,00-03-01
123,00-03-02
124,01-00-00
124,01-00-01
124,01-00-02
124,01-00-03
124,01-00-04
125,00-00-00
125,00-00-01
125,00-00-02
125,00-00-03
125,00-06-00
125,00-06-01
125,00-06-02
126,01-00-00
126,01-00-01
126,01-06-00
126,01-06-01
126,01-06-02
127,01-00-00
127,01-00-01
127,01-00-02
128,00-00-00
128,00-00-01
128,00-00-02
129,01-00-00
129,01-00-01
129,01-00-02
130,00-00-00
130,00-00-01
130,00-00-02
131,00-00-00
131,00-00-01
131,00-00-02
132,00-00-00
132,00-00-01
132,00-00-02
132,00-06-00
133,00-00-00
133,00-00-01
133,00-00-02
133,00-06-00
133,00-06-01
134,00-00-00
134,00-00-01
134,00-00-02
134,00-06-00
134,00-06-01
134,00-06-02
135,00-00-00
135,00-03-00
135,00-03-01
135,00-03-02
135,00-03-03
135,00-05-00
135,00-05-01
136,01-00-00
136,01-00-01
136,01-00-02
136,01-06-00
136,01-06-01
136,01-06-02
137,00-00-00
137,00-00-01
137,00-00-02
137,00-06-00
137,00-06-01
138,01-00-00
138,01-00-01
138,01-00-02
139,00-00-00
139,00-00-01
139,00-00-02
140,00-00-00
140,00-00-01
140,00-00-02
141,00-00-00
141,00-00-01
141,00-00-02
142,00-00-00
142,00-00-01
143,00-00-00
143,00-00-01
143,00-00-02
143,00-06-00
143,00-06-01
144,00-00-00
144,00-00-01
144,00-00-02
145,00-00-00
145,00-00-01
145,00-00-02
145,00-00-03
146,00-00-00
146,00-00-01
146,00-00-02
146,00-00-03
146,00-00-04
146,00-05-00
146,00-05-01
146,00-06-00
146,00-06-01
147,01-00-00
147,01-00-01
147,01-00-02
147,01-05-00
147,01-05-01
147,01-06-00
148,00-00-00
148,00-00-01
148,00-00-02
148,00-05-00
148,00-05-01
148,00-06-00
148,00-06-01
149,00-00-00
149,00-00-01
149,00-00-02
150,00-00-00
150,00-00-01
150,00-00-02
150,00-06-00
150,00-06-01
151,00-00-00
151,00-00-01
151,00-00-02
151,00-05-00
151,00-05-01
152,00-00-00
152,00-00-01
152,00-00-02
152,00-00-03
153,00-00-00
153,00-00-01
153,00-00-02
154,00-00-00
154,00-00-01
154,00-00-02
154,00-00-06
155,00-00-00
155,00-00-01
155,00-00-02
156,00-00-00
156,00-00-01
156,00-00-02
157,00-00-00
157,00-00-01
157,00-00-02
158,00-00-00
158,00-00-01
158,00-00-02
159,00-00-00
159,00-00-01
160,00-00-00
160,00-00-01
160,00-00-02
161,00-00-00
161,00-00-01
161,00-00-02
162,00-00-00
162,00-00-01
162,00-00-02
163,00-00-00
163,00-00-01
163,00-00-02
163,00-00-03
163,00-00-04
164,00-00-00
164,00-00-01
164,00-00-02
164,00-00-03
165,00-00-00
165,00-00-01
165,00-00-02
165,00-00-03
166,01-05-00
166,01-05-01
166,01-06-00
166,01-06-01
167,00-00-00
167,00-00-01
167,00-00-02
167,00-00-03
168,00-00-00
168,00-00-01
168,00-00-02
168,00-00-03
169,00-00-00
169,00-00-01
169,00-00-02
169,00-00-03
169,00-06-00
170,00-00-01
170,00-00-02
170,00-00-03
170,00-00-05
171,01-00-01
171,01-00-02
171,01-00-03
171,01-00-04
171,01-00-05
171,01-00-06
172,00-00-01
172,00-00-02
172,00-00-03
172,00-00-04
172,00-00-05
172,00-03-00
172,00-03-01
172,00-03-02
172,00-03-03
172,00-03-04
173,00-00-00
173,00-00-01
173,00-00-02
174,00-00-00
174,00-00-01
174,00-00-02
175,00-00-00
175,00-00-01
175,00-00-02
176,00-00-00
176,00-00-01
176,00-00-02
177,00-00-00
177,00-00-01
177,00-00-02
178,00-00-00
178,00-00-01
178,00-00-02
178,00-00-03
178,00-00-04
178,00-05-00
178,00-05-01
179,01-05-00
179,01-05-01
179,01-06-00
179,01-06-01
179,01-06-02
179,01-06-03
180,00-00-00
180,00-00-01
180,00-00-02
180,00-05-00
180,00-05-01
181,00-00-00
181,00-00-01
181,00-00-02
182,00-00-00
182,00-00-01
182,00-00-02
183,00-00-00
183,00-00-01
183,00-00-02
184,01-00-00
184,01-00-01
184,01-00-02
185,00-00-00
185,00-00-01
185,00-00-02
185,00-00-03
185,00-00-04
185,00-03-00
185,00-03-01
185,00-03-02
185,00-03-03
185,00-03-04
185,00-05-00
185,00-05-01
186,01-05-00
186,01-05-01
186,01-06-00
186,01-06-01
187,01-05-00
187,01-05-01
187,01-06-00
187,01-06-01
188,02-00-00
188,02-00-01
188,02-00-02
188,02-00-03
188,02-00-04
188,02-05-00
188,02-05-01
189,00-00-00
189,00-00-01
189,00-00-02
189,00-03-00
189,00-03-01
189,00-03-02
190,00-00-00
190,00-00-01
190,00-00-02
190,00-00-03
190,00-00-04
191,01-00-00
191,01-00-01
191,01-00-02
192,00-00-00
192,00-00-01
192,00-00-02
192,00-00-03
192,00-00-04
192,00-00-05
193,02-05-00
193,02-05-01
193,02-06-00
193,02-06-01
194,01-00-00
194,01-00-01
194,01-00-02
194,01-06-00
195,00-00-00
195,00-00-01
195,00-00-02
196,01-00-00
196,01-00-01
196,01-00-02
196,01-00-03
196,01-00-04
196,01-06-00
197,00-00-00
197,00-00-01
197,00-00-02
197,00-00-03
197,00-00-04
197,00-00-05
197,00-00-06
197,00-00-07
197,00-05-00
197,00-05-01
198,01-00-00
198,01-00-01
198,01-00-02
199,00-00-00
199,00-00-01
199,00-00-02
200,01-00-00
200,01-00-01
200,01-00-02
200,01-06-00
200,01-06-01
201,00-00-00
201,00-00-01
201,00-00-02
202,00-00-00
202,00-00-01
202,00-00-02
203,01-00-00
203,01-00-01
203,01-00-02
203,01-06-00
203,01-06-01
204,00-00-00
204,00-00-01
204,00-00-02
205,00-00-00
205,00-00-01
205,00-00-02
205,00-06-00
205,00-06-01
205,00-06-02
206,00-00-00
206,00-00-01
206,00-03-00
206,00-03-01
206,00-03-02
207,01-00-00
207,01-00-01
207,01-00-02
207,01-06-00
207,01-06-01
208,00-00-00
208,00-00-01
208,00-00-02
208,00-06-00
208,00-06-01
209,01-00-00
209,01-00-01
209,01-00-02
209,01-02-00
209,01-02-01
209,01-02-02
209,01-03-00
209,01-03-01
209,01-03-02
209,01-03-03
209,01-05-00
209,01-05-01
209,01-06-00
209,01-06-01
209,01-06-02
210,02-00-00
210,02-00-01
210,02-00-02
210,02-00-03
210,02-00-04
210,02-03-00
210,02-03-01
210,02-03-02
210,02-03-03
210,02-03-04
210,02-05-00
210,02-05-01
211,01-00-00
211,01-00-01
211,01-00-02
211,01-00-03
212,00-00-00
212,00-00-01
212,00-00-02
212,00-00-03
212,00-00-04
212,00-03-00
212,00-03-01
212,00-03-02
212,00-05-00
212,00-05-01
212,00-06-00
213,01-00-00
213,01-00-01
213,01-00-02
213,01-00-03
213,01-00-04
213,01-00-05
213,01-03-00
213,01-05-00
213,01-05-01
214,01-00-00
214,01-00-01
214,01-00-02
214,01-03-00
214,01-03-01
214,01-03-02
214,01-03-03
214,01-03-04
214,01-05-00
214,01-05-01
215,00-00-00
215,00-00-01
215,00-00-02
215,00-00-03
215,00-00-04
215,00-00-05
215,00-05-00
215,00-05-01
215,00-06-00
215,00-06-01
216,02-00-00
216,02-00-01
216,02-00-02
216,02-00-03
216,02-00-04
216,02-03-00
216,02-03-01
216,02-06-00
216,02-06-01
216,02-06-02
217,00-00-00
217,00-00-01
217,00-00-02
217,00-00-03
217,00-00-04
217,00-00-05
217,00-00-06
217,00-00-07
217,00-00-08
217,00-00-09
217,00-05-00
217,00-05-01
218,00-00-00
218,00-00-01
218,00-00-02
218,00-00-03
218,00-00-04
218,00-00-05
218,00-03-00
218,00-03-01
218,00-03-02
218,00-05-00
218,00-05-01
218,00-05-02
218,00-05-03
218,00-06-00
218,00-06-01
218,00-06-02
218,00-06-03
219,03-00-00
219,03-00-01
219,03-00-02
219,03-06-00
220,01-00-00
220,01-00-01
220,01-00-02
220,01-06-00
221,04-00-00
221,04-00-01
221,04-00-02
221,04-00-03
221,04-00-04
221,04-05-00
221,04-05-01
222,00-00-00
222,00-00-01
222,00-00-02
222,00-00-03
222,00-00-04
222,00-06-00
223,05-00-00
223,05-00-01
223,05-00-02
223,05-00-03
223,05-03-00
223,05-03-01
223,05-03-02
223,05-03-03
223,05-03-04
223,05-03-05
223,05-03-06
224,02-00-00
224,02-00-01
224,02-00-02
224,02-00-03
224,02-00-04
224,02-00-05
224,02-00-06
224,02-00-07
224,02-00-08
225,01-05-00
225,01-05-01
225,01-06-00
225,01-06-01
226,00-00-00
226,00-00-01
226,00-00-02
226,00-06-00
226,00-06-01
227,02-00-00
227,02-00-01
227,02-00-02
227,02-06-00
227,02-06-01
227,02-06-02
228,01-00-00
228,01-00-01
228,01-00-02
228,01-03-00
228,01-03-01
228,01-03-02
228,01-06-00
228,01-06-01
228,01-06-02
228,01-06-03
229,00-00-00
229,00-00-01
229,00-00-02
229,00-03-00
229,00-03-01
229,00-06-00
229,00-06-01
230,01-00-00
230,01-00-01
230,01-02-00
230,01-02-01
230,01-02-02
230,01-03-00
230,01-03-01
230,01-03-02
230,01-05-00
230,01-05-01
230,01-06-00
230,01-06-01
231,00-00-00
231,00-00-01
231,00-00-02
232,01-03-00
232,01-05-00
232,01-05-01
232,01-06-00
232,01-06-01
233,00-00-00
233,00-00-01
233,00-00-02
233,00-00-03
233,00-03-00
233,00-03-01
233,00-03-02
233,00-03-03
233,00-06-00
233,00-06-01
234,01-00-00
234,01-00-01
234,01-00-02
234,01-03-00
234,01-05-00
234,01-06-00
234,01-06-01
235,02-00-00
235,02-00-01
235,02-00-02
235,02-00-03
235,02-00-04
235,02-00-05
235,02-06-00
235,02-06-01
236,03-00-00
236,03-00-01
236,03-00-02
236,03-00-03
236,03-00-04
236,03-00-05
236,03-03-00
236,03-03-01
236,03-03-02
236,03-03-03
236,03-06-00
236,03-06-01
237,01-00-00
237,01-00-01
237,01-00-02
237,01-00-03
237,01-05-00
237,01-05-01
237,01-06-00
237,01-06-01
237,01-06-02
237,01-06-03
237,01-06-04
238,00-00-02
238,00-03-00
238,00-03-01
238,00-03-02
238,00-03-03
239,00-00-00
239,00-00-01
239,00-00-02
240,01-00-00
240,01-00-01
240,01-00-02
241,01-00-00
241,01-00-01
241,01-00-02
241,01-00-03
241,01-00-04
241,01-00-05
241,01-05-00
241,01-05-01
241,01-06-00
241,01-06-01
241,01-06-02
242,00-00-00
242,00-00-01
242,00-00-02
242,00-00-03
242,00-00-04
242,00-00-05
242,00-00-06
242,00-00-07
242,00-02-00
242,00-02-01
242,00-03-00
242,00-03-01
242,00-06-00
242,00-06-01
242,00-06-02
242,00-06-03
243,00-00-00
243,00-00-01
243,00-00-02
243,00-00-03
243,00-00-04
244,00-00-00
244,00-00-01
244,00-00-02
244,00-03-00
244,00-03-01
244,00-03-02
244,00-05-00
244,00-05-01
244,00-06-00
244,00-06-01
245,00-00-00
245,00-00-01
245,00-00-02
245,00-06-00
245,00-06-01
246,01-00-00
246,01-00-01
246,01-00-02
247,00-00-00
247,00-00-01
247,00-00-02
248,01-00-00
248,01-00-01
248,01-00-02
248,01-00-03
248,01-05-00
248,01-05-01
249,00-00-00
249,00-00-01
249,00-03-00
249,00-03-01
250,01-00-00
250,01-00-01
250,01-00-02
251,01-00-00
251,01-00-01
251,01-00-02
252,00-00-00
252,00-00-01
252,00-00-02
253,00-00-00
253,00-00-01
253,00-00-02
253,00-00-03
254,01-00-00
254,01-00-01
254,01-00-02
254,01-00-03
254,01-05-00
254,01-05-01
254,01-06-00
255,00-00-00
255,00-00-01
255,00-00-02
255,00-00-03
256,00-00-00
256,00-00-01
256,00-00-02
257,01-05-00
257,01-05-01
257,01-06-00
257,01-06-01
258,00-00-00
258,00-00-01
258,00-00-02
258,00-00-03
258,00-03-00
258,00-03-01
258,00-03-02
259,00-00-00
259,00-00-01
259,00-00-02
260,00-00-00
260,00-00-01
260,00-00-02
261,00-00-00
261,00-00-01
261,00-00-02
262,00-00-00
262,00-00-01
262,00-00-02
262,00-00-03
262,00-00-04
262,00-00-05
262,00-05-00
262,00-05-01
263,00-00-00
263,00-00-01
263,00-03-00
263,00-03-01
264,01-04-00
264,01-04-01
264,01-06-00
264,01-06-01
265,00-00-00
265,00-00-01
265,00-00-02
266,00-00-00
266,00-00-01
266,00-00-02
267,00-00-00
267,00-00-01
267,00-03-00
267,00-03-01
268,01-03-00
268,01-03-01
268,01-05-00
268,01-05-01
268,01-06-00
269,00-00-00
269,00-00-01
269,00-00-02
269,00-00-03
270,01-04-00
270,01-04-01
270,01-06-00
270,01-06-01
271,00-00-00
271,00-00-01
271,00-00-02
272,00-00-00
272,00-00-01
272,00-00-02
272,00-00-03
272,00-00-04
272,00-06-00
273,00-00-00
273,00-00-01
273,00-00-02
274,00-06-00
274,00-06-01
274,00-06-02
275,00-00-00
275,00-00-01
275,00-00-02
275,00-05-00
275,00-05-01
275,00-06-00
275,00-06-01
276,00-00-00
276,00-00-01
276,00-00-02
277,00-00-00
277,00-00-01
277,00-00-02
278,00-00-00
278,00-00-01
278,00-00-02
279,00-00-00
279,00-00-01
279,00-00-02
280,00-00-00
280,00-00-01
280,00-00-02
280,00-05-00
280,00-05-01
281,00-00-00
281,00-00-01
281,00-00-02
282,00-00-00
282,00-00-01
282,00-00-02
283,00-00-00
283,00-00-01
283,00-00-02
284,00-00-00
284,00-00-01
284,00-00-02
285,00-00-00
285,00-00-01
285,00-00-02
286,00-00-00
286,00-00-01
286,00-00-02
286,00-00-06
286,00-00-08
286,00-03-00
286,00-03-01
286,00-03-03
287,00-00-00
287,00-00-01
287,00-00-02
288,00-00-00
288,00-00-01
288,00-00-02
288,00-00-03
288,00-00-04
288,00-03-00
288,00-03-01
288,00-03-02
288,00-03-03
288,00-03-04
288,00-03-05
288,00-05-00
288,00-05-01
289,02-00-00
289,02-00-01
289,02-00-02
289,02-00-03
290,01-05-00
290,01-05-01
290,01-06-00
290,01-06-01
291,00-00-00
291,00-00-01
291,00-00-02
291,00-00-03
292,01-00-00
292,01-00-01
292,01-00-02
292,01-05-00
292,01-05-01
292,01-06-00
292,01-06-01
293,00-00-00
293,00-00-01
293,00-00-02
294,00-00-00
294,00-00-01
294,00-00-02
295,01-00-00
295,01-00-01
295,01-00-02
295,01-06-00
295,01-06-01
295,01-06-02
296,00-00-00
296,00-00-01
296,00-00-02
296,00-00-03
296,00-00-04
296,00-00-05
296,00-06-00
296,00-06-01
296,00-06-02
297,00-00-00
297,00-00-01
297,00-00-02
298,00-00-00
298,00-00-01
298,00-00-02
298,00-03-00
298,00-03-01
298,00-03-02
299,01-05-00
299,01-05-01
299,01-06-00
299,01-06-01
300,01-00-00
300,01-00-01
300,01-00-02
300,01-06-00
300,01-06-01
301,00-00-00
301,00-00-01
301,00-00-02
301,00-00-03
301,00-00-04
302,00-00-00
302,00-00-01
302,00-00-02
302,00-00-03
303,01-05-00
303,01-05-01
303,01-06-00
303,01-06-01
304,00-00-00
304,00-00-01
304,00-00-02
304,00-00-03
304,00-00-04
305,01-00-00
305,01-00-01
305,01-00-02
306,01-00-00
306,01-00-01
306,01-00-02
306,01-00-03
306,01-00-04
307,00-00-00
307,00-00-01
307,00-00-02
307,00-00-03
307,00-00-04
308,00-00-00
308,00-00-01
308,00-00-02
308,00-00-03
308,00-00-04
308,00-00-05
308,00-00-06
308,00-00-07
308,00-00-08
308,00-00-09
308,00-00-0A
308,00-00-0B
309,01-00-00
309,01-00-01
309,01-00-02
309,01-00-03
309,01-00-04
309,01-00-05
309,01-00-06
309,01-03-00
309,01-03-01
309,01-06-00
310,01-00-00
310,01-00-01
310,01-00-02
310,01-00-03
310,01-00-04
310,01-00-05
310,01-03-00
310,01-03-01
310,01-03-02
310,01-03-03
310,01-03-04
311,00-00-00
311,00-00-01
311,00-00-02
311,00-03-00
311,00-03-01
311,00-03-02
311,00-03-03
311,00-03-04
311,00-05-00
311,00-05-01
312,00-00-00
312,00-00-01
312,00-00-02
312,00-00-03
312,00-00-04
312,00-03-00
312,00-03-01
312,00-03-02
312,00-03-03
312,00-06-00
312,00-06-01
313,00-00-00
313,00-00-01
313,00-00-02
313,00-00-03
313,00-06-00
314,00-00-00
314,00-00-01
314,00-00-02
314,00-00-03
314,00-00-04
314,00-02-00
314,00-02-01
314,00-02-02
314,00-03-00
314,00-03-01
314,00-03-02
314,00-05-00
314,00-05-01
314,00-05-02
314,00-05-03
314,00-06-00
314,00-06-01
314,00-06-02
314,00-06-03
315,01-00-00
315,01-00-01
315,01-00-02
315,01-06-00
315,01-06-01
316,01-00-00
316,01-00-01
316,01-00-02
316,01-06-00
316,01-06-01
317,00-00-00
317,00-00-01
317,00-00-02
317,00-03-00
317,00-06-00
318,01-00-00
318,01-00-01
318,01-00-02
318,01-03-00
318,01-06-00
319,00-00-00
319,00-00-01
319,00-00-02
319,00-00-03
320,00-00-00
320,00-00-01
320,00-00-02
321,01-00-00
321,01-00-01
321,01-00-02
321,01-03-00
321,01-03-01
321,01-06-00
321,01-06-01
322,02-00-00
322,02-00-01
322,02-00-02
322,02-06-00
322,02-06-01
323,00-00-00
323,00-00-01
323,00-00-02
324,01-00-00
324,01-00-01
324,01-00-02
324,01-06-00
324,01-06-01
324,01-06-02
325,00-00-00
325,00-00-01
325,00-00-02
326,01-00-00
326,01-00-01
326,01-00-02
326,01-00-03
326,01-06-00
326,01-06-01
327,00-00-00
327,00-00-01
327,00-00-02
327,00-00-03
327,00-00-04
327,00-02-00
327,00-02-01
327,00-03-00
327,00-03-01
327,00-03-02
327,00-03-03
327,00-03-04
327,00-06-00
327,00-06-01
327,00-06-02
327,00-06-03
328,00-00-00
328,00-00-01
328,00-00-02
328,00-03-00
328,00-03-01
328,00-03-02
328,00-05-00
328,00-05-01
328,00-06-00
328,00-06-01
328,00-06-02
329,00-00-00
329,00-00-01
329,00-00-02
329,00-03-00
329,00-03-01
329,00-03-02
329,00-05-00
329,00-05-01
329,00-06-00
329,00-06-01
330,00-00-00
330,00-00-01
330,00-03-00
330,00-03-01
330,00-03-02
330,00-03-03
330,00-03-04
331,01-05-00
331,01-05-01
331,01-06-00
331,01-06-01
332,00-00-00
332,00-00-01
332,00-00-02
332,00-03-00
332,00-03-01
332,00-03-02
332,00-05-00
332,00-05-01
332,00-06-00
333,01-04-00
333,01-04-01
333,01-06-00
333,01-06-01
333,01-06-02
333,01-06-03
334,00-00-00
334,00-00-01
334,00-00-02
334,00-00-03
335,01-05-00
335,01-05-01
335,01-06-00
335,01-06-01
335,01-06-02
335,01-06-03
336,01-00-00
336,01-00-01
336,01-00-02
336,01-00-03
337,00-00-00
337,00-00-01
337,00-00-02
337,00-00-03
337,00-00-04
337,00-03-00
337,00-03-01
337,00-06-00
338,02-00-00
338,02-00-01
338,02-00-02
338,02-00-03
338,02-03-00
338,02-03-01
338,02-06-00
338,02-06-01
338,02-06-02
339,00-00-00
339,00-00-01
339,00-00-02
339,00-03-00
339,00-03-01
339,00-03-02
339,00-06-00
339,00-06-01
340,01-00-00
340,01-00-01
340,01-00-02
340,01-00-03
340,01-00-04
340,01-06-00
340,01-06-01
340,01-06-02
340,01-06-03
341,00-00-00
341,00-00-01
341,00-00-02
341,00-00-03
341,00-00-04
341,00-00-05
341,00-05-00
341,00-05-01
342,00-00-00
342,00-00-01
342,00-00-02
342,00-00-03
342,00-00-04
342,00-03-00
342,00-03-01
342,00-03-02
343,01-05-00
343,01-05-01
343,01-06-00
343,01-06-01
344,00-00-00
344,00-00-01
344,00-00-02
344,00-00-03
344,00-00-04
344,00-06-00
345,01-05-00
345,01-05-01
345,01-06-00
345,01-06-01
346,00-00-00
346,00-00-01
346,00-03-00
346,00-03-01
346,00-03-02
346,00-03-03
346,00-03-04
347,00-00-00
347,00-00-01
347,00-00-02
347,00-00-03
347,00-00-04
347,00-00-05
347,00-06-00
347,00-06-01
348,01-00-00
348,01-00-01
348,01-00-02
348,01-03-00
348,01-03-01
348,01-03-02
348,01-03-03
349,01-00-00
349,01-00-01
349,01-00-02
349,01-00-03
349,01-03-00
349,01-03-01
349,01-03-02
349,01-03-03
349,01-03-04
349,01-06-00
349,01-06-01
350,00-00-00
350,00-00-01
350,00-00-02
350,00-00-03
350,00-00-04
350,00-00-05
350,00-00-06
350,00-00-07
350,00-00-08
350,00-00-09
350,00-00-0A
350,00-00-0B
350,00-05-00
350,00-05-01
351,02-00-00
351,02-00-01
351,02-00-02
351,02-00-03
351,02-03-00
351,02-03-01
351,02-03-02
351,02-06-00
351,02-06-01
351,02-06-02
351,02-06-03
351,02-06-04
351,02-06-05
351,02-06-06
352,00-00-00
352,00-00-01
352,00-00-02
353,00-00-00
353,00-00-01
353,00-00-02
353,00-00-03
353,00-03-00
353,00-03-01
353,00-06-00
353,00-06-01
353,00-06-02
354,00-00-00
354,00-00-01
354,00-00-02
354,00-00-03
354,00-03-00
354,00-06-00
354,00-06-01
355,00-00-00
355,00-00-01
355,00-00-02
355,00-03-00
355,00-03-01
355,00-06-00
356,00-00-00
356,00-00-01
356,00-00-02
357,00-00-00
357,00-00-01
357,00-00-02
358,01-00-00
358,01-00-01
358,01-00-02
358,01-06-00
358,01-06-01
359,00-00-00
359,00-00-01
359,00-00-02
360,01-05-00
360,01-05-01
360,01-06-00
360,01-06-01
361,00-00-00
361,00-00-01
361,00-00-02
362,01-05-00
362,01-05-01
362,01-06-00
362,01-06-01
363,00-00-00
363,00-00-01
363,00-00-02
364,00-00-00
364,00-00-01
364,00-00-02
364,00-03-00
364,00-03-01
364,00-03-02
364,00-06-00
364,00-06-01
365,00-00-00
365,00-00-01
365,00-00-02
365,00-05-00
365,00-05-01
365,00-06-00
365,00-06-01
366,00-00-00
366,00-00-01
366,00-00-02
366,00-00-03
366,00-03-00
366,00-03-01
366,00-03-02
366,00-03-03
366,00-03-04
366,00-03-05
366,00-05-00
366,00-05-01
366,00-06-00
366,00-06-01
367,01-00-00
367,01-00-01
367,01-00-02
367,01-00-03
367,01-03-00
367,01-03-01
367,01-03-02
367,01-03-03
367,01-06-00
367,01-06-01
368,02-00-00
368,02-00-01
368,02-00-02
368,02-00-03
368,02-03-00
368,02-03-01
368,02-03-02
368,02-03-03
368,02-06-00
368,02-06-01
368,02-06-02
368,02-06-03
369,01-00-00
369,01-00-01
369,01-00-02
369,01-00-03
369,01-00-04
369,01-06-00
370,00-00-00
370,00-00-01
370,00-00-02
370,00-00-03
370,00-00-04
370,00-00-05
371,02-00-00
371,02-00-01
371,02-00-02
371,02-00-03
371,02-00-04
371,02-00-05
371,02-06-00
371,02-06-01
371,02-06-02
372,02-00-00
372,02-00-01
372,02-00-02
372,02-00-03
372,02-00-04
372,02-00-05
372,02-00-06
372,02-00-07
372,02-00-08
372,02-00-09
372,02-06-00
372,02-06-01
373,00-00-00
373,00-00-01
373,00-00-02
373,00-03-00
373,00-03-01
373,00-03-02
373,00-03-03
373,00-03-04
373,00-05-00
373,00-05-01
373,00-05-02
373,00-05-03
373,00-05-04
373,00-05-05
373,00-06-00
373,00-06-01
374,00-00-00
374,00-00-01
374,00-00-02
374,00-00-03
374,00-03-00
374,00-03-01
374,00-03-02
374,00-03-03
374,00-03-04
374,00-03-05
374,00-03-06
375,00-00-00
375,00-00-01
375,00-00-02
375,00-00-03
375,00-00-04
376,00-00-00
376,00-00-01
376,00-00-02
376,00-00-03
376,00-00-04
377,02-00-00
377,02-00-01
377,02-00-02
377,02-06-00
377,02-06-01
378,03-00-00
378,03-00-01
378,03-00-02
378,03-06-00
378,03-06-01
379,00-00-00
379,00-00-01
379,00-00-02
379,00-00-03
379,00-00-04
380,04-00-00
380,04-00-01
380,04-00-02
381,00-00-00
381,00-00-01
381,00-00-02
381,00-03-00
381,00-03-01
381,00-03-02
381,00-03-03
382,01-04-00
382,01-04-01
382,01-05-00
382,01-05-03
382,01-06-00
382,01-06-01
382,01-06-02
383,00-00-00
383,00-00-01
383,00-00-02
383,00-00-03
383,00-00-04
383,00-00-05
383,00-00-06
383,00-00-07
384,01-00-00
384,01-00-01
384,01-00-02
384,01-06-00
384,01-06-01
384,01-06-02
385,00-00-00
385,00-00-01
385,00-00-02
385,00-00-03
386,01-00-00
386,01-00-01
386,01-00-02
386,01-00-03
386,01-00-04
387,02-00-00
387,02-00-01
387,02-00-02
387,02-00-03
387,02-00-04
387,02-06-00
387,02-06-01
388,01-00-00
388,01-00-01
388,01-00-02
388,01-00-03
388,01-05-00
388,01-05-01
388,01-06-00
388,01-06-01
389,00-00-00
389,00-00-01
389,00-00-02
390,00-00-00
390,00-00-01
390,00-00-02
391,01-00-00
391,01-00-01
391,01-00-02
391,01-06-00
391,01-06-01
392,00-00-00
392,00-00-01
392,00-00-02
393,02-05-00
393,02-05-01
393,02-06-00
393,02-06-01
393,02-06-02
394,01-00-00
394,01-00-01
394,01-00-02
394,01-06-00
394,01-06-01
395,00-00-00
395,00-00-01
395,00-00-02
395,00-03-00
395,00-03-01
395,00-06-00
396,00-00-00
396,00-00-01
396,00-00-02
397,00-00-00
397,00-00-01
397,00-03-00
397,00-03-01
398,00-00-00
398,00-00-01
398,00-00-02
398,00-00-03
398,00-00-04
398,00-05-00
398,00-05-01
398,00-06-00
398,00-06-01
399,01-05-00
399,01-05-01
399,01-06-00
399,01-06-01
399,01-06-02
399,01-06-03
400,00-00-00
400,00-00-01
400,00-00-02
400,00-06-00
401,00-00-00
401,00-00-01
401,00-00-02
402,01-05-00
402,01-05-01
402,01-06-00
402,01-06-01
403,01-05-00
403,01-05-01
403,01-06-00
403,01-06-01
403,01-06-02
404,00-00-00
404,00-00-01
404,00-00-02
404,00-00-03
404,00-00-04
404,00-00-05
404,00-00-06
404,00-05-00
404,00-05-01
405,01-04-00
405,01-04-01
405,01-06-00
405,01-06-01
405,01-06-02
406,00-00-00
406,00-00-01
406,00-00-02
407,00-00-00
407,00-00-01
407,00-00-02
408,01-05-00
408,01-05-01
408,01-06-00
408,01-06-01
409,00-00-00
409,00-00-01
409,00-00-02
409,00-06-00
410,00-00-00
410,00-00-01
410,00-00-02
411,01-04-00
411,01-04-01
411,01-06-00
411,01-06-01
412,00-00-00
412,00-00-01
412,00-00-02
413,00-00-00
413,00-00-01
413,00-00-02
414,00-00-00
414,00-00-01
414,00-03-00
414,00-03-01
415,01-05-00
415,01-05-01
415,01-06-00
415,01-06-01
416,00-00-00
416,00-00-01
416,00-00-02
416,00-06-00
417,00-00-00
417,00-00-01
417,00-00-02
418,00-00-00
418,00-00-01
418,00-00-02
419,00-00-00
419,00-00-01
419,00-00-02
419,00-00-03
419,00-03-00
419,00-03-01
419,00-03-02
419,00-03-03
419,00-06-00
419,00-06-01
419,00-06-02
419,00-06-03
420,00-00-00
420,00-00-01
420,00-00-02
420,00-00-03
420,00-03-00
420,00-03-01
420,00-05-00
420,00-05-01
421,00-00-00
421,00-00-01
421,00-00-02
421,00-00-03
421,00-05-00
421,00-05-01
422,00-00-00
422,00-00-01
422,00-00-02
422,00-00-03
422,00-05-00
422,00-05-01
423,00-00-00
423,00-00-01
423,00-00-02
423,00-03-00
423,00-03-01
423,00-05-00
423,00-05-01
424,00-00-00
424,00-00-01
424,00-00-02
424,00-00-03
424,00-00-04
424,00-00-05
424,00-00-06
424,00-05-00
424,00-05-01
424,00-06-00
424,00-06-01
424,00-06-02
424,00-06-03
425,00-00-00
425,00-00-01
425,00-00-02
425,00-00-03
425,00-00-04
425,00-00-05
425,00-00-06
425,00-00-07
425,00-00-08
425,00-05-00
425,00-05-01
426,01-00-00
426,01-00-01
426,01-00-02
426,01-00-03
426,01-00-04
426,01-06-00
426,01-06-01
426,01-06-02
426,01-06-03
426,01-06-04
427,00-00-00
427,00-00-01
427,00-00-02
427,00-03-00
427,00-03-01
447,02-00-00
447,02-00-01
447,02-00-02
447,02-00-03
447,02-00-04
447,02-00-05
447,02-00-06
447,02-00-07
447,02-00-08
447,02-02-00
447,02-02-01
447,02-02-02
447,02-03-00
447,02-03-01
447,02-03-02
447,02-06-00
447,02-06-01
447,02-06-02
447,02-06-03
447,02-06-04
447,02-06-05
448,01-03-00
448,01-03-01
448,01-05-00
448,01-05-01
448,01-06-00
449,00-00-00
449,00-00-01
449,00-03-00
449,00-03-01
449,00-06-00
450,01-00-00
450,01-00-01
450,01-00-02
450,01-00-03
450,01-03-00
450,01-03-01
450,01-03-02
450,01-03-03
450,01-03-05
451,00-00-00
451,00-00-01
451,00-00-02
451,00-00-03
451,00-03-00
451,00-03-01
452,02-00-00
452,02-00-01
452,02-00-02
452,02-00-03
452,02-00-04
453,03-00-00
453,03-00-01
453,03-00-02
454,01-00-00
454,01-04-00
454,01-04-01
454,01-05-00
454,01-05-01
454,01-05-02
454,01-05-03
454,01-06-00
454,01-06-01
454,01-06-02
454,01-06-03
455,00-00-00
455,00-00-01
455,00-00-02
455,00-00-03
455,00-02-00
455,00-02-01
455,00-06-00
455,00-07-00
455,00-07-01
455,00-07-02
456,02-06-00
456,02-06-01
457,00-00-00
457,00-00-01
457,00-00-02
457,00-06-00
458,00-00-00
458,00-00-01
458,00-00-02
458,00-00-03
458,00-02-00
458,00-02-01
458,00-03-00
458,00-03-01
458,00-05-00
458,00-05-01
458,00-05-02
458,00-05-03
458,00-06-00
458,00-06-01
458,00-06-02
458,00-06-03
459,00-00-00
459,00-00-01
459,00-00-02
460,01-00-00
460,01-00-01
460,01-00-02
460,01-06-00
460,01-06-01
461,00-00-00
461,00-00-01
461,00-00-02
462,01-00-00
462,01-00-01
462,01-00-02
463,01-05-00
463,01-05-01
463,01-06-00
463,01-06-01
464,02-05-00
464,02-05-01
464,02-06-00
464,02-06-01
465,00-00-00
465,00-00-01
465,00-00-02
466,03-00-00
466,03-00-01
466,03-00-02
466,03-00-03
467,00-00-00
467,00-00-01
467,00-00-02
468,01-00-00
468,01-00-01
468,01-00-02
469,00-00-00
469,00-00-01
469,00-00-02
469,00-03-00
469,00-03-01
469,00-03-02
469,00-03-03
469,00-06-00
470,01-00-00
470,01-00-01
470,01-00-02
470,01-03-00
470,01-03-01
470,01-03-02
470,01-06-00
471,00-00-00
471,00-00-01
471,00-00-02
472,01-00-00
472,01-00-01
472,01-00-02
472,01-06-00
472,01-06-01
473,00-00-00
473,00-00-01
473,00-00-02
474,01-00-00
474,01-00-01
474,01-00-02
474,01-00-03
475,00-00-00
475,00-00-01
475,00-00-02
475,00-00-03
476,01-00-00
476,01-00-01
476,01-00-02
476,01-00-03
476,01-06-00
476,01-06-01
476,01-06-02
477,01-00-00
477,01-00-01
477,01-00-02
477,01-00-03
477,01-00-04
477,01-00-05
478,02-00-00
478,02-03-00
478,02-03-01
479,00-00-00
479,00-00-01
479,00-00-02
479,00-00-03
479,00-00-04
479,00-03-00
479,00-03-01
479,00-03-02
479,00-03-03
479,00-03-04
479,00-03-05
479,00-03-06
479,00-05-00
479,00-05-01
479,00-06-00
480,04-00-00
480,04-00-01
480,04-00-02
480,04-00-03
480,04-06-00
481,00-00-00
481,00-03-00
481,00-03-01
481,00-03-02
481,00-03-03
481,00-03-04
481,00-06-00
482,01-00-00
482,01-00-01
482,01-00-02
482,01-00-03
482,01-06-00
482,01-06-01
483,02-00-00
483,02-00-01
483,02-00-02
483,02-00-03
483,02-03-00
483,02-03-01
483,02-03-02
483,02-03-03
484,00-00-00
484,00-00-01
484,00-00-02
484,00-00-03
484,00-00-04
484,00-06-00
484,00-06-01
484,00-06-02
485,04-00-00
485,04-00-01
485,04-00-02
485,04-00-03
485,04-00-04
485,04-00-05
485,04-00-06
485,04-05-00
485,04-05-01
486,01-00-00
486,01-00-01
486,01-03-00
486,01-03-01
486,01-03-02
486,01-03-03
486,01-06-00
486,01-06-01
487,00-00-00
487,00-00-01
487,00-00-02
487,00-00-03
487,00-00-04
487,00-00-05
487,00-00-06
487,00-00-07
487,00-00-08
488,00-00-00
488,00-00-01
488,00-00-02
488,00-00-03
488,00-00-04
488,00-03-00
488,00-03-01
488,00-03-02
489,01-00-00
489,01-00-01
489,01-00-02
489,01-00-03
489,01-00-04
489,01-00-05
489,01-00-06
489,01-00-07
489,01-00-08
489,01-00-09
490,00-00-00
490,00-00-01
490,00-00-02
490,00-00-03
490,00-02-00
490,00-02-01
490,00-05-00
490,00-05-01
490,00-05-02
490,00-06-00
490,00-06-01
490,00-06-02
490,00-06-03
490,00-07-00
490,00-07-01
490,00-07-02
490,00-07-03
491,01-00-00
491,01-00-01
491,01-00-02
491,01-00-03
491,01-00-04
491,01-05-00
491,01-05-01
491,01-06-00
491,01-06-01
492,02-00-00
492,02-00-01
492,02-00-02
492,02-03-00
492,02-03-01
492,02-05-00
492,02-05-01
493,00-00-00
493,00-00-01
493,00-00-02
493,00-05-00
493,00-05-01
493,00-06-00
493,00-06-01
494,01-00-00
494,01-00-01
494,01-00-02
494,01-00-03
494,01-00-04
494,01-06-00
494,01-06-01
494,01-06-02
495,00-00-00
495,00-00-01
495,00-00-02
495,00-00-03
495,00-03-00
495,00-03-01
495,00-03-02
495,00-03-03
495,00-03-04
495,00-05-00
495,00-05-01
495,00-05-02
495,00-05-03
496,00-00-00
496,00-00-01
496,00-00-02
496,00-00-03
496,00-00-04
496,00-06-00
497,01-00-00
497,01-00-01
497,01-00-02
498,00-00-00
498,00-00-01
498,00-03-00
498,00-03-01
498,00-03-02
498,00-03-03
499,01-00-00
499,01-00-01
499,01-00-02
499,01-00-03
499,01-00-04
500,02-00-00
500,02-00-01
500,02-00-02
501,01-00-00
501,01-00-01
501,01-00-02
501,01-00-03
501,01-00-04
501,01-00-05
501,01-03-00
501,01-03-01
501,01-03-02
501,01-03-03
501,01-03-04
501,01-03-05
501,01-05-00
501,01-05-01
501,01-07-00
501,01-07-01
502,00-00-00
502,00-00-01
502,00-00-02
502,00-02-00
502,00-03-00
502,00-03-01
502,00-03-02
502,00-03-03
502,00-04-02
503,00-00-00
503,00-00-01
503,00-00-02
503,00-03-00
503,00-03-01
503,00-03-02
504,01-00-00
504,01-00-01
504,01-00-02
505,00-00-00
505,00-00-01
505,00-00-02
505,00-00-03
506,00-00-00
506,00-00-01
506,00-00-02
506,00-00-03
506,00-03-00
506,00-03-01
507,00-00-00
507,00-00-01
507,00-00-02
507,00-00-03
507,00-00-04
508,01-00-00
508,01-00-01
508,01-00-02
508,01-00-03
508,01-00-04
509,00-00-00
509,00-00-01
509,00-00-02
509,00-00-03
509,00-03-00
510,01-00-00
510,01-00-01
510,01-00-02
511,00-00-00
511,00-00-01
511,00-00-02
511,00-00-03
512,01-00-00
512,01-00-01
512,01-00-02
513,00-00-00
513,00-00-01
513,00-00-02
513,00-00-03
513,00-00-04
514,00-00-00
514,00-00-01
514,00-00-02
514,00-03-00
514,00-03-01
515,00-00-00
515,00-00-01
515,00-00-02
515,00-00-03
515,00-00-04
516,00-00-00
516,00-00-01
516,00-00-02
516,00-00-03
517,00-00-00
517,00-00-01
517,00-00-02
517,00-00-03
518,00-00-00
518,00-00-01
518,00-00-02
518,00-06-00
518,00-06-01
518,00-06-02
519,00-00-00
519,00-00-01
519,00-00-02
519,00-06-00
519,00-DE-00
520,00-00-00
520,00-00-01
520,00-00-02
520,00-00-03
520,00-06-00
521,00-00-00
521,00-00-01
521,00-00-02
521,00-00-03
521,00-03-00
521,00-03-01
521,00-05-00
521,00-05-01
521,00-06-00
521,00-06-01
522,00-00-00
522,00-00-01
522,00-00-02
523,00-00-00
523,00-00-01
523,00-00-02
523,00-03-00
524,01-00-00
524,01-00-01
524,01-00-02
524,01-00-03
524,01-00-04
524,01-00-05
524,01-00-06
524,01-00-07
524,01-05-00
524,01-05-01
525,00-00-00
525,00-00-01
525,00-00-02
525,00-03-00
525,00-03-01
525,00-03-02
525,00-03-03
525,00-03-04
525,00-05-00
525,00-05-01
525,00-05-02
525,00-06-00
525,00-06-01
525,00-06-02
526,00-00-00
526,00-00-01
526,00-00-02
526,00-00-03
526,00-06-00
526,00-06-01
527,00-00-00
527,00-00-01
527,00-00-02
527,00-03-00
527,00-03-01
527,00-03-02
527,00-05-00
527,00-05-01
527,00-05-02
527,00-05-03
528,01-05-00
528,01-05-01
528,01-06-00
528,01-06-01
529,02-00-00
529,02-00-01
529,02-03-00
529,02-03-01
529,02-03-02
529,02-03-03
529,02-05-00
529,02-05-01
529,02-06-00
529,02-06-01
530,03-05-00
530,03-05-01
530,03-06-00
530,03-06-01
531,01-03-00
531,01-03-01
531,01-03-02
532,04-02-00
532,04-02-01
532,04-02-02
532,04-02-03
532,04-03-00
532,04-03-01
532,04-05-00
532,04-05-01
532,04-06-00
532,04-06-01
532,04-06-02
532,04-06-04
532,04-77-03
533,03-00-00
533,03-00-01
533,03-00-02
533,03-02-00
533,03-02-01
533,03-03-00
533,03-03-01
533,03-03-02
533,03-06-00
533,03-06-01
533,03-06-02
533,03-06-03
533,03-06-04
534,00-00-00
534,00-00-01
534,00-03-00
534,00-03-01
534,00-03-02
534,00-03-03
534,00-03-04
534,00-03-05
534,00-05-00
534,00-05-01
534,00-06-00
534,00-06-01
535,03-03-00
535,03-03-01
535,03-03-02
535,03-06-00
535,03-06-01
536,00-00-00
536,00-00-01
536,00-00-02
537,01-00-00
537,01-00-01
537,01-00-02
538,00-00-00
538,00-00-01
538,00-00-02
538,00-00-03
538,00-06-00
538,00-06-01
539,00-00-00
539,00-00-01
539,00-00-02
539,00-00-03
539,00-00-04
539,00-00-05
540,01-00-00
540,01-00-01
540,01-00-02
540,01-03-00
540,01-03-01
540,01-03-02
541,01-00-00
541,01-00-01
541,01-00-02
541,01-03-00
541,01-03-01
541,01-03-02
541,01-05-00
541,01-05-01
541,01-06-00
541,01-06-01
541,01-06-02
541,01-06-03
542,02-00-00
542,02-03-00
542,02-03-01
542,02-05-00
542,02-05-01
542,02-05-02
543,03-05-00
543,03-05-01
543,03-06-00
543,03-06-01
544,00-00-00
544,00-00-01
544,00-00-02
544,00-00-03
544,00-00-04
544,00-00-05
545,01-00-00
545,01-00-01
545,01-00-02
545,01-06-00
545,01-06-01
546,00-00-00
546,00-00-01
546,00-00-02
546,00-00-03
546,00-00-04
546,00-00-05
547,01-00-00
547,01-00-01
547,01-00-02
547,01-00-03
547,01-00-04
547,01-00-05
548,02-05-00
548,02-05-01
548,02-06-00
548,02-06-01
548,02-06-02
549,00-00-00
549,00-00-01
549,00-00-02
549,00-00-03
549,00-00-04
549,00-00-05
550,01-00-00
550,01-00-01
550,01-00-02
550,01-06-00
550,01-06-01
550,01-46-00
551,02-00-00
551,02-00-01
551,02-00-02
551,02-00-03
551,02-00-04
551,02-00-05
551,02-00-06
552,03-05-00
552,03-05-01
552,03-06-00
552,03-06-01
553,00-00-00
553,00-00-01
553,00-00-02
553,00-00-03
553,00-00-04
553,00-00-05
553,00-00-06
553,00-03-00
553,00-03-01
553,00-03-02
553,00-03-03
553,00-03-04
553,00-06-00
553,00-06-01
554,01-00-00
554,01-00-01
554,01-00-02
554,01-00-03
554,01-00-04
554,01-00-05
554,01-00-06
555,01-00-00
555,01-00-01
555,01-00-02
555,01-00-03
556,00-00-00
556,00-00-01
556,00-00-02
556,00-00-03
556,00-00-04
556,00-00-05
556,00-00-06
556,00-00-07
556,00-00-08
556,00-00-09
556,00-03-00
556,00-03-01
556,00-03-02
556,00-03-03
556,00-03-04
556,00-05-00
556,00-05-01
556,00-06-00
556,00-06-01
557,00-00-00
557,00-00-01
557,00-03-00
557,00-03-01
557,00-03-02
557,00-03-03
557,00-03-04
557,00-03-05
557,00-03-06
557,00-03-07
557,00-03-08
558,00-00-00
558,00-00-01
558,00-00-02
558,00-00-03
558,00-00-04
559,01-00-00
559,01-00-01
559,01-00-02
559,01-00-03
559,01-03-00
559,01-03-01
559,01-03-02
559,01-03-03
559,01-03-04
560,02-00-00
560,02-00-01
560,02-03-00
560,02-03-01
560,02-03-02
561,00-00-00
561,00-00-01
561,00-03-00
561,00-03-01
561,00-03-02
561,00-03-03
561,00-03-04
561,00-05-00
561,00-05-01
562,00-00-00
562,00-00-01
562,00-00-02
562,00-00-03
562,00-00-04
562,00-03-00
562,00-03-01
562,00-03-02
562,00-06-00
562,00-06-01
563,01-00-00
563,01-00-01
563,01-00-02
563,01-00-03
563,01-00-04
563,01-06-00
563,01-06-01
564,00-00-00
564,00-03-00
564,00-03-01
564,00-03-02
564,00-03-03
564,00-05-00
564,00-05-01
564,00-05-02
565,01-00-00
565,01-00-01
565,01-00-02
565,01-00-03
565,01-06-00
565,01-06-01
566,00-00-00
566,00-00-01
566,00-00-02
566,00-00-03
566,00-00-04
566,00-00-05
566,00-00-06
566,00-03-00
566,00-03-01
566,00-03-02
566,00-03-03
566,00-03-04
566,00-03-05
566,00-03-06
567,01-00-00
567,01-00-01
567,01-00-02
567,01-00-03
567,01-03-00
567,01-03-01
567,01-03-02
568,00-00-00
568,00-00-01
568,00-00-02
568,00-00-03
568,00-00-04
568,00-00-05
568,00-00-06
568,00-00-07
569,01-00-00
569,01-00-01
569,01-00-02
569,01-00-03
569,01-00-04
569,01-00-05
569,01-00-06
569,01-00-07
569,01-00-08
569,01-00-09
570,00-00-00
570,00-00-01
570,00-00-02
570,00-00-03
570,00-00-04
570,00-00-05
570,00-00-06
570,00-00-07
570,00-00-08
570,00-00-09
570,00-00-0A
570,00-00-0B
571,00-00-00
571,00-00-01
571,00-00-02
571,00-03-00
571,00-03-01
571,00-03-02
572,00-00-00
572,00-00-01
572,00-00-02
572,00-00-03
572,00-00-04
572,00-00-05
573,00-00-00
573,00-00-01
573,00-00-02
574,01-00-00
574,01-00-01
574,01-00-02
575,00-00-00
575,00-00-01
575,00-00-02
575,00-00-03
576,01-00-00
576,01-00-01
576,01-03-00
576,01-03-01
577,00-00-00
577,00-00-01
577,00-00-02
577,00-00-03
577,00-00-04
577,00-03-00
577,00-03-01
577,00-03-02
577,00-03-03
577,00-05-00
577,00-05-01
577,00-06-00
577,00-06-01
577,00-06-02
578,00-00-00
578,00-00-01
578,00-00-02
579,01-05-00
579,01-05-01
579,01-06-00
579,01-06-01
580,00-00-00
580,00-00-01
580,00-00-02
581,03-00-00
581,03-00-01
581,03-00-02
581,03-03-00
581,03-03-01
581,03-03-02
581,03-06-00
581,03-06-01
582,04-00-00
582,04-00-01
582,04-00-02
582,04-00-03
582,04-00-04
582,04-00-05
583,05-00-00
583,05-00-01
583,05-00-02
583,05-00-03
583,05-00-04
583,05-00-05
584,00-00-00
584,00-00-01
584,00-00-02
584,00-00-03
585,00-00-00
585,00-00-01
585,00-00-02
585,00-00-03
586,00-00-00
586,00-00-01
586,00-00-02
586,00-00-03
587,00-00-00
587,00-00-01
587,00-00-02
587,00-00-03
588,00-00-00
588,00-00-01
588,00-00-02
588,00-05-00
588,00-06-00
589,00-00-00
589,00-00-01
589,00-00-02
589,00-00-03
590,00-00-00
590,00-00-01
590,00-03-00
590,00-03-01
590,00-05-00
590,00-05-01
591,00-00-00
591,00-00-01
591,00-00-02
591,00-00-03
591,00-00-04
592,00-00-00
592,00-00-01
592,00-00-02
592,00-00-03
593,00-00-00
593,00-00-01
593,00-00-02
593,00-00-03
593,00-00-04
593,00-00-05
593,00-06-00
593,00-06-01
593,00-06-02
594,00-00-00
594,00-00-01
594,00-00-02
594,00-00-03
594,00-00-04
595,00-00-00
595,00-00-01
595,00-03-00
595,00-03-01
595,00-06-00
596,01-00-00
596,01-00-01
596,01-00-02
596,01-00-03
596,01-00-04
597,00-00-00
597,00-00-01
597,00-00-02
598,00-00-00
598,00-00-01
598,00-00-02
598,00-00-03
598,00-00-04
599,01-00-00
599,01-00-01
599,01-00-02
600,00-00-00
600,00-00-01
600,00-00-02
600,00-00-03
600,00-00-04
600,00-05-00
600,00-05-01
601,01-00-00
601,01-00-01
601,01-00-02
601,01-05-00
601,01-05-01
602,00-00-00
602,00-00-01
602,00-00-02
603,00-00-00
603,00-00-01
603,00-00-02
604,01-00-00
604,01-00-01
604,01-00-02
604,01-00-03
604,01-00-04
604,01-03-00
604,01-03-01
604,01-05-00
604,01-05-01
605,00-00-00
605,00-00-01
605,00-00-02
605,00-00-03
605,00-05-00
605,00-05-01
606,00-00-00
606,00-00-01
606,00-00-02
606,00-05-00
606,00-05-01
607,00-00-00
607,00-00-01
607,00-00-02
608,01-00-00
608,01-00-01
608,01-00-02
609,00-00-00
609,00-00-01
609,00-00-02
610,01-00-00
610,01-00-01
610,01-00-02
610,01-05-00
610,01-05-01
611,00-00-00
611,00-00-01
611,00-00-02
611,00-05-00
611,00-05-01
612,01-00-00
612,01-00-01
612,01-00-02
613,00-00-00
613,00-00-01
613,00-00-02
614,01-00-00
614,01-00-01
614,01-00-02
615,00-00-00
615,00-00-01
615,00-00-02
616,00-00-00
616,00-00-01
616,00-00-02
616,00-00-03
616,00-00-04
616,00-05-00
616,00-05-01
616,00-06-00
616,00-06-01
617,00-00-00
617,00-00-01
617,00-00-02
617,00-00-03
618,00-00-00
618,00-00-01
618,00-00-02
619,01-05-00
619,01-05-01
619,01-06-00
619,01-06-01
620,00-00-00
620,00-00-01
620,00-00-02
620,00-05-00
620,00-05-01
621,00-00-00
621,00-00-01
621,00-00-02
622,00-00-00
622,00-00-01
622,00-00-02
623,00-00-00
623,00-00-01
623,00-00-02
623,00-00-03
623,00-05-00
623,00-05-01
624,00-00-00
624,00-00-01
624,00-00-02
625,00-00-00
625,00-00-01
625,00-00-02
626,00-00-00
626,00-00-01
626,00-00-02
626,00-05-00
626,00-05-01
627,00-00-00
627,00-00-01
627,00-00-02
628,00-00-00
628,00-00-01
628,00-00-02
628,00-03-00
628,00-03-01
629,00-00-00
629,00-00-01
629,00-00-02
629,00-06-00
630,00-00-00
630,00-00-01
630,00-00-02
630,00-00-03
631,01-00-00
631,01-00-01
631,01-00-02
632,00-00-00
632,00-00-01
632,00-00-02
633,01-00-00
633,01-00-01
633,01-00-02
634,00-00-00
634,00-00-01
634,00-00-02
635,01-00-00
635,01-00-01
635,01-00-02
636,00-00-00
636,00-00-01
636,00-00-02
637,01-00-00
637,01-00-01
637,01-00-02
638,00-00-00
638,00-00-01
638,00-00-02
639,01-00-00
639,01-00-01
639,01-00-02
640,00-00-00
640,00-00-01
640,00-00-02
640,00-00-03
640,00-00-04
640,00-00-05
640,00-00-06
641,00-00-00
641,00-00-01
641,00-00-02
641,00-03-00
641,00-03-01
642,00-00-00
642,00-00-01
642,00-00-02
642,00-03-00
642,00-03-01
643,00-00-00
643,00-00-01
643,00-00-02
643,00-00-03
643,00-00-04
643,00-00-09
643,00-03-00
643,00-03-01
643,00-03-02
643,00-03-03
643,00-03-04
643,00-03-06
644,00-00-00
644,00-00-01
644,00-00-02
644,00-00-03
645,00-00-00
645,00-00-01
645,00-00-02
646,00-00-00
646,00-00-01
646,00-00-02
647,00-00-00
647,00-00-01
647,00-00-02
648,00-00-00
648,00-00-01
648,00-00-02
649,00-00-00
649,00-00-01
649,00-00-02
649,00-00-03
649,00-00-04
649,00-03-00
649,00-03-01
649,00-05-00
649,00-05-01
650,00-00-00
650,00-00-01
650,00-00-02
650,00-00-03
650,00-00-04
650,00-00-05
650,00-00-06
650,00-00-07
650,00-06-00
650,00-06-01
651,01-00-00
651,01-00-01
651,01-00-02
652,00-00-00
652,00-00-01
652,00-00-02
652,00-00-03
652,00-02-01
652,00-C2-01
652,00-DF-01
652,00-FF-01
653,02-05-00
653,02-05-01
653,02-06-00
653,02-06-01
654,00-00-00
654,00-00-01
654,00-00-02
654,00-00-03
654,00-03-00
654,00-03-01
654,00-03-02
654,00-03-03
654,00-03-04
654,00-03-05
655,00-00-00
655,00-00-01
655,00-00-02
655,00-00-03
655,00-00-04
656,00-00-00
656,00-00-01
656,00-00-02
656,00-00-03
656,00-00-04
656,00-00-05
657,00-00-00
657,00-00-01
657,00-00-02
658,00-00-00
658,00-00-01
658,00-00-02
658,00-00-03
659,00-00-00
659,00-00-01
659,00-00-02
659,00-03-00
659,00-03-01
659,00-03-02
659,00-40-01
660,00-00-00
660,00-00-01
660,00-00-02
660,00-03-00
660,00-03-01
660,00-03-02
661,00-00-00
661,00-00-01
661,00-00-02
661,00-00-03
661,00-03-00
661,00-05-00
661,00-05-01
662,00-00-00
662,00-00-01
662,00-00-02
662,00-00-03
662,00-03-00
662,00-03-01
662,00-03-02
662,00-03-03
663,00-00-00
663,00-00-01
663,00-00-02
663,00-03-00
663,00-03-01
663,00-03-02
664,01-05-00
664,01-05-01
664,01-06-00
664,01-06-01
665,00-00-00
665,00-00-01
665,00-00-02
665,00-03-00
665,00-03-01
665,00-03-02
666,00-00-00
666,00-00-01
666,00-00-02
666,00-00-03
666,00-03-00
666,00-03-01
666,00-03-02
666,00-03-03
667,01-05-00
667,01-05-01
667,01-06-00
667,01-06-01
668,00-00-00
668,00-00-01
668,00-00-02
668,00-00-03
668,00-06-00
668,00-06-01
669,00-00-00
669,00-00-01
669,00-00-02
669,00-00-03
669,00-00-04
669,00-00-05
669,00-00-06
669,00-00-07
669,00-05-00
669,00-05-01
669,00-06-00
669,00-06-01
670,00-00-00
670,00-00-01
670,00-00-02
670,00-00-03
670,00-03-00
670,00-03-01
670,00-05-00
670,00-05-01
671,02-00-00
671,02-00-01
671,02-00-02
671,02-06-00
671,02-06-01
671,02-06-02
672,00-00-00
672,00-00-01
672,00-03-00
672,00-03-01
672,00-03-02
672,00-03-03
672,00-05-00
672,00-05-01
672,00-05-02
672,00-05-03
673,00-00-00
673,00-00-01
673,00-03-00
673,00-03-01
673,00-03-02
673,00-03-03
673,00-03-04
673,00-05-00
673,00-05-01
674,00-00-00
674,00-00-01
674,00-00-02
674,00-00-03
674,00-00-04
674,00-03-00
674,00-03-01
674,00-05-00
674,00-05-01
674,00-06-00
674,00-06-01
674,00-06-02
675,00-00-00
675,00-00-01
675,00-00-02
675,00-00-03
675,00-00-04
675,00-05-00
675,00-05-01
675,00-06-00
675,00-06-01
676,00-00-00
676,00-00-01
676,00-00-02
676,00-00-03
676,00-00-04
677,00-00-00
677,00-00-01
677,00-00-02
677,00-00-03
677,00-00-04
677,00-05-00
677,00-05-01
677,00-05-02
677,00-05-03
677,00-05-04
677,00-05-05
677,00-06-00
677,00-06-01
677,00-06-02
677,00-06-03
677,00-06-04
677,00-06-05
677,00-06-06
678,02-00-00
678,02-00-01
678,02-00-02
678,02-00-03
678,02-00-04
678,02-00-05
678,02-03-00
678,02-03-01
678,02-03-02
678,02-03-03
678,02-03-04
678,02-03-05
678,02-03-06
678,02-03-07
678,02-05-00
678,02-05-01
678,02-06-00
678,02-06-01
679,00-00-00
679,00-00-01
679,00-00-02
679,00-00-03
679,00-00-04
679,00-00-05
679,00-00-06
679,00-00-07
679,00-03-00
679,00-03-01
679,00-03-02
679,00-03-03
679,00-03-04
679,00-03-05
679,00-03-06
679,00-03-07
680,01-00-00
680,01-00-01
680,01-00-02
680,01-03-00
680,01-03-01
680,01-03-02
680,01-03-03
680,01-03-04
680,01-03-05
680,01-05-00
680,01-05-01
681,00-00-00
681,00-00-01
681,00-00-02
681,00-00-03
682,02-00-00
682,02-00-01
682,02-00-02
682,02-00-03
682,02-00-04
682,02-00-05
682,02-00-06
682,02-05-00
682,02-05-01
683,00-00-00
683,00-00-01
683,00-00-02
683,00-03-00
683,00-03-01
683,00-06-00
683,00-06-01
684,03-00-00
684,03-00-01
684,03-00-02
684,03-00-03
684,03-00-04
684,03-00-05
685,00-00-00
685,00-00-01
685,00-00-02
685,00-00-03
685,00-03-00
685,00-06-00
686,00-00-00
686,00-00-01
686,00-00-02
686,00-00-03
686,00-00-04
686,00-06-00
687,00-00-00
687,00-00-01
687,00-03-00
687,00-03-01
687,00-03-02
688,01-00-00
688,01-00-01
688,01-00-02
688,01-03-00
688,01-03-01
688,01-03-04
689,00-03-00
689,00-03-01
689,00-03-02
689,00-03-03
689,00-03-04
689,00-03-05
689,00-03-06
689,00-03-07
689,00-04-00
689,00-04-01
689,00-04-02
689,00-04-03
689,00-04-04
689,00-04-05
689,00-05-00
689,00-05-01
689,00-06-00
689,00-06-01
689,00-06-02
689,00-06-03
689,00-06-04
689,00-06-05
690,00-00-00
690,00-00-01
690,00-00-02
691,01-00-00
691,01-00-01
691,01-00-02
691,01-06-00
691,01-06-01
692,00-00-00
692,00-00-01
692,00-03-00
692,00-03-01
693,00-00-00
693,00-00-01
693,00-03-00
693,00-03-01
693,00-03-02
693,00-06-00
694,00-00-00
694,00-00-01
694,00-00-02
694,00-00-03
694,00-00-04
694,00-00-05
694,00-00-06
694,00-00-07
695,00-00-00
695,00-00-01
695,00-00-02
696,00-00-00
696,00-00-01
696,00-00-02
697,01-00-00
697,01-00-01
697,01-00-02
697,01-00-03
697,01-06-00
697,01-06-01
697,01-06-02
698,00-00-00
698,00-00-01
698,00-00-02
698,00-00-03
698,00-00-04
698,00-03-00
698,00-03-01
698,00-03-02
698,00-03-03
698,00-05-00
698,00-05-01
699,00-00-00
699,00-00-01
699,00-00-02
700,00-00-00
700,00-00-01
700,00-00-02
700,00-00-03
700,00-00-06
701,00-00-00
701,00-00-01
701,00-00-02
702,00-00-00
702,00-00-01
702,00-00-02
703,00-00-00
703,00-00-01
703,00-00-02
704,00-00-00
704,00-00-01
704,00-00-02
705,00-00-00
705,00-00-01
705,00-00-02
705,00-00-03
706,00-00-00
706,00-00-01
706,00-00-02
707,00-00-00
707,00-00-01
707,00-00-02
708,00-00-00
708,00-00-01
708,00-00-02
708,00-06-00
709,00-00-00
709,00-00-01
709,00-00-02
709,00-00-03
709,00-05-00
709,00-05-01
709,00-05-02
709,00-05-03
709,00-06-00
710,00-00-00
710,00-00-01
710,00-00-02
710,00-06-00
711,00-00-00
711,00-00-01
711,00-00-02
711,00-03-00
712,01-00-00
712,01-00-01
712,01-00-02
712,01-06-00
712,01-06-01
713,00-00-00
713,00-00-01
713,00-00-02
713,00-03-00
713,00-03-01
713,00-03-02
713,00-05-00
713,00-05-01
713,00-06-00
713,00-06-01
713,00-06-02
714,01-05-00
714,01-05-01
714,01-06-00
714,01-06-01
715,02-00-00
715,02-00-01
715,02-05-00
715,02-05-01
715,02-05-02
715,02-06-00
716,00-00-00
716,00-00-01
716,00-00-02
717,00-00-00
717,00-00-01
717,00-00-02
718,00-00-00
718,00-00-01
718,00-00-02
718,00-00-03
719,00-00-00
719,00-00-01
719,00-00-02
720,00-00-00
720,00-00-01
720,00-00-02
720,00-00-03
720,00-00-04
